name,price,bedrooms,bathrooms,sqr,distance,BER,type
3488706,2335,2,2,N/A,7.1069136584293675,12,['To Let']
3488720,2850,3,2,N/A,7.1069136584293675,12,['To Let']
2854091,2545,1,1,N/A,1.476051806284783,13,['To Let']
1446984,3245,2,2,N/A,1.476051806284783,13,['To Let']
2569623,3575,2,2,N/A,1.476051806284783,13,['To Let']
2569627,5030,3,3,N/A,1.476051806284783,13,['To Let']
3523579,1900,1,1,N/A,3.306241610781172,13,['To Let']
3523582,2250,2,2,N/A,3.306241610781172,13,['To Let']
3523581,3045,3,3,N/A,3.306241610781172,13,['To Let']
2607782,3300,2,2,N/A,1.563603950608259,12,['To Let']
2915605,4200,2,2,N/A,1.563603950608259,12,['To Let']
2915549,4230,3,2,N/A,1.563603950608259,12,['To Let']
1481753,4300,2,2,N/A,1.563603950608259,12,['To Let']
3260044,15000,2,3,N/A,1.563603950608259,13,['To Let']
3547529,2000,1,1,N/A,4.039360838640577,12,['To Let']
3547527,2500,2,2,N/A,4.039360838640577,12,['To Let']
3547528,3200,3,2,N/A,4.039360838640577,12,['To Let']
3581864,2450,1,1,N/A,1.3732969136458906,12,['To Let']
3581865,2900,2,2,N/A,1.3732969136458906,12,['To Let']
3581866,3900,3,2,N/A,1.3732969136458906,12,['To Let']
3217502,3150,2,2,N/A,1.3120090514747347,12,['To Let']
1442730,3572,2,2,N/A,1.3120090514747347,13,['To Let']
1442731,4000,2,2,N/A,1.3120090514747347,12,['To Let']
3217494,4200,3,2,N/A,1.3120090514747347,12,['To Let']
2495659,6000,3,3,N/A,1.3120090514747347,11,['To Let']
2929967,2450,1,1,N/A,0.6557455626080313,8,['To Let']
2929971,2450,1,1,N/A,0.6557455626080313,8,['To Let']
2287914,1750,1,1,N/A,1.6783743810137752,6,['To Let']
3173135,2050,2,2,N/A,12.094618179440225,12,['To Let']
3173139,2350,3,3,N/A,12.094618179440225,12,['To Let']
3173141,2500,4,3,N/A,12.094618179440225,12,['To Let']
3625042,1525,1,1,N/A,14.238995056939462,11,['To Let']
3625044,1850,2,2,N/A,14.238995056939462,11,['To Let']
3447634,1900,1,1,N/A,9.950690488975152,11,['To Let']
3447646,2150,2,2,N/A,9.950690488975152,11,['To Let']
3447652,2550,3,3,N/A,9.950690488975152,11,['To Let']
3593255,1900,1,1,N/A,12.890707858440878,6,['To Let']
3610158,1900,1,2,N/A,12.226595992257778,12,['To Let']
3610160,2150,2,2,N/A,12.226595992257778,13,['To Let']
3197936,3250,3,2,N/A,8.266523193791887,12,['To Let']
3481197,2000,1,1,N/A,2.5337228978363875,13,['To Let']
3481198,2325,2,2,N/A,2.5337228978363875,13,['To Let']
3481194,3000,3,2,N/A,2.5337228978363875,13,['To Let']
3639582,2350,2,3,N/A,8.862153458172559,9,['To Let']
3599262,1950,2,2,N/A,10.864433445154994,11,['To Let']
2844191,6000,3,3,N/A,1.0636937146762915,0,['To Let']
2322973,3800,3,2,N/A,8.856808807102185,8,['To Let']
2317388,2150,1,1,N/A,2.5917098913152117,10,['To Let']
2496747,2700,2,2,N/A,2.5917098913152117,6,['To Let']
2511233,2050,1,1,N/A,3.472723483749686,12,['To Let']
2912754,1750,1,1,N/A,8.317596337338971,0,['To Let']
3181291,942,1,0,N/A,5.932357942196484,13,['To Let']
2498968,1877,1,1,N/A,10.219895181737806,12,['To Let']
2319259,2242,2,2,N/A,10.219895181737806,12,['To Let']
2314440,2473,2,2,N/A,10.219895181737806,13,['To Let']
2621606,2500,2,2,N/A,5.89710143777986,12,['To Let']
1527607,3650,2,2,N/A,0.9950047322549498,10,['To Let']
1527609,3750,2,2,N/A,0.9950047322549498,6,['To Let']
2329826,2042,2,1,N/A,1.0455167007098387,5,['To Let']
2761750,1750,1,1,N/A,5.865555731800498,13,['To Let']
2761751,2000,2,2,N/A,5.865555731800498,13,['To Let']
2761749,2500,3,2,N/A,5.865555731800498,13,['To Let']
3599524,2250,2,2,N/A,2.213855003594105,12,['To Let']
3599526,2250,2,2,N/A,2.213855003594105,12,['To Let']
3437794,1655,2,2,N/A,10.020658880824563,7,['To Let']
3248440,1549,1,1,N/A,11.28295222680497,6,['To Let']
2947204,1950,2,2,N/A,13.228959072303477,11,['To Let']
3576794,1675,1,1,N/A,7.442075096331611,11,['To Let']
3576795,1950,2,2,N/A,7.442075096331611,11,['To Let']
2524874,2387,1,1,N/A,0.8948533298101969,13,['To Let']
3592001,1799,1,1,N/A,9.389843701134575,0,['To Let']
3591999,2025,2,2,N/A,9.389843701134575,0,['To Let']
2315132,2595,4,3,N/A,10.300206346755129,12,['To Let']
3467976,1925,2,2,N/A,11.639084692573242,10,['To Let']
2314973,2024,2,2,N/A,6.987801541314277,12,['To Let']
2318547,960,6,6,N/A,2.042561891627735,0,['To Let']
2318548,977,6,6,N/A,2.042561891627735,0,['To Let']
2863983,977,6,6,N/A,2.042561891627735,0,['To Let']
2863981,994,6,6,N/A,2.042561891627735,0,['To Let']
2318550,1071,6,6,N/A,2.042561891627735,0,['To Let']
2863979,1080,6,6,N/A,2.042561891627735,0,['To Let']
2863984,1088,6,6,N/A,2.042561891627735,0,['To Let']
2318554,1092,6,6,N/A,2.042561891627735,0,['To Let']
2318553,1105,6,6,N/A,2.042561891627735,0,['To Let']
2863985,1114,6,6,N/A,2.042561891627735,0,['To Let']
2318552,1135,6,6,N/A,2.042561891627735,0,['To Let']
2318551,1157,6,6,N/A,2.042561891627735,0,['To Let']
2863982,1157,6,6,N/A,2.042561891627735,0,['To Let']
2318543,1165,6,6,N/A,2.042561891627735,0,['To Let']
2318545,1165,6,6,N/A,2.042561891627735,0,['To Let']
2318549,1178,6,6,N/A,2.042561891627735,0,['To Let']
2318546,1200,6,6,N/A,2.042561891627735,0,['To Let']
2863980,1200,6,6,N/A,2.042561891627735,0,['To Let']
3447150,921,4,4,N/A,2.0534294346225392,0,['To Let']
2886160,1080,8,8,N/A,2.0534294346225392,0,['To Let']
2886180,1105,7,7,N/A,2.0534294346225392,0,['To Let']
2292266,1157,6,6,N/A,2.0534294346225392,0,['To Let']
2292261,1157,6,6,N/A,2.0534294346225392,0,['To Let']
2886209,1208,4,4,N/A,2.0534294346225392,0,['To Let']
2292262,1457,1,0,N/A,2.0534294346225392,0,['To Let']
2292264,1542,1,0,N/A,2.0534294346225392,0,['To Let']
2900593,942,1,1,N/A,1.9431862818708108,0,['To Let']
2900594,981,3,1,N/A,1.9431862818708108,0,['To Let']
2900590,994,3,1,N/A,1.9431862818708108,0,['To Let']
2900592,1002,3,1,N/A,1.9431862818708108,0,['To Let']
2900587,1011,3,1,N/A,1.9431862818708108,0,['To Let']
2292363,1157,2,2,N/A,1.9431862818708108,0,['To Let']
3570608,771,2,2,N/A,2.730083672691854,0,['To Let']
3574533,771,3,3,N/A,2.730083672691854,7,['To Let']
3574543,771,2,2,N/A,2.730083672691854,0,['To Let']
3574538,942,2,2,N/A,2.730083672691854,0,['To Let']
3574544,942,2,2,N/A,2.730083672691854,7,['To Let']
3574546,2800,2,1,N/A,2.730083672691854,7,['To Let']
2315180,535,1,1,N/A,6.356746629814753,0,['To Let']
2534220,2392,2,2,N/A,3.1902970692721686,13,['To Let']
3591034,1450,1,0,N/A,2.596083227347454,0,['To Let']
2589785,1899,1,1,N/A,10.181938239434936,12,['To Let']
2314962,2172,2,2,N/A,10.181938239434936,12,['To Let']
2503955,2660,3,2,N/A,7.942452806496117,13,['To Let']
2314855,1850,1,1,N/A,9.815954070559776,10,['To Let']
2614356,2100,2,2,N/A,9.815954070559776,12,['To Let']
2314854,2505,3,2,N/A,9.815954070559776,10,['To Let']
3602392,2392,3,2,N/A,12.202241533115705,12,['To Let']
2314394,2264,2,2,N/A,10.05993295801195,12,['To Let']
3245806,1650,1,0,N/A,1.396956394340596,0,['To Let']
2509698,4000,2,3,N/A,1.9699158776264778,13,['To Let']
2509696,5000,2,3,N/A,1.9699158776264778,13,['To Let']
2509699,5500,3,4,N/A,1.9699158776264778,13,['To Let']
2509700,6000,3,4,N/A,1.9699158776264778,13,['To Let']
2509697,15000,4,5,N/A,1.9699158776264778,13,['To Let']
2328080,2000,2,2,N/A,8.85613105894407,0,['To Let']
2541901,1028,1,1,N/A,6.539604818004995,0,['To Let']
2324609,1114,1,1,N/A,1.2394049020986784,0,['To Let']
3225006,1110,1,1,N/A,1.443677854170889,0,['To Let']
2324598,985,1,1,N/A,1.761609886652637,0,['To Let']
2324596,1071,1,1,N/A,1.761609886652637,0,['To Let']
2324600,1067,1,1,N/A,1.955393640445233,0,['To Let']
2621139,1950,2,2,N/A,13.017901217621061,11,['To Let']
3467654,2550,3,3,N/A,13.017901217621061,11,['To Let']
3556666,1950,2,2,N/A,1.8848290141040007,10,['To Let']
3556669,2100,2,2,N/A,1.8848290141040007,10,['To Let']
2299640,1975,1,1,N/A,5.711478708956227,13,['To Let']
2299639,2300,2,2,N/A,5.711478708956227,13,['To Let']
2299637,2550,2,2,N/A,5.711478708956227,13,['To Let']
2299638,3000,3,2,N/A,5.711478708956227,13,['To Let']
2294019,1050,1,1,N/A,1.2817255633464653,0,['To Let']
2294021,1114,1,1,N/A,1.2817255633464653,0,['To Let']
2294015,1071,1,1,N/A,1.8944088711668445,0,['To Let']
3501357,1071,1,1,N/A,1.8944088711668445,0,['To Let']
2294018,1114,1,1,N/A,1.8944088711668445,0,['To Let']
3501366,1114,1,1,N/A,1.8944088711668445,0,['To Let']
2294016,1157,1,1,N/A,1.8944088711668445,0,['To Let']
2313624,1157,1,1,N/A,1.8944088711668445,0,['To Let']
2294022,1200,1,1,N/A,1.8944088711668445,0,['To Let']
2627289,1925,2,2,N/A,13.839215316888174,12,['To Let']
3622685,4000,3,2,N/A,0.9495178767027714,9,['To Let']
3642302,8000,4,3,N/A,11.086498060091108,12,['To Let']
3642066,3822,4,4,N/A,3.2309254637549323,10,['To Let']
3587908,5000,4,3,N/A,1.8678730092873066,0,['To Let']
3614113,3700,4,2,N/A,15.271513454930803,9,['To Let']
1823,3540,1,1,N/A,2.320913495108337,0,['To Let']
3639429,1750,1,1,N/A,1.6837710075871528,2,['To Let']
3628184,2100,2,1,N/A,4.672547355499321,7,['To Let']
3627244,2900,3,1,N/A,2.668512025516305,4,['To Let']
3640350,2300,2,1,N/A,0.9219477549309121,7,['To Let']
3610143,3500,3,1,N/A,3.495569446826222,5,['To Let']
3641319,2300,2,1,N/A,1.8189805863310937,5,['To Let']
3641295,3300,3,2,N/A,3.7641518919282326,7,['To Let']
3604087,10000,3,4,N/A,1.8649858136453672,12,['To Let']
3641281,2200,1,1,N/A,2.771897853214418,9,['To Let']
3604009,9950,4,3,N/A,1.7453289396691734,0,['To Let']
3641311,2400,2,2,N/A,1.3428102729924973,5,['To Let']
3635370,3500,2,1,N/A,1.6852614637986323,5,['To Let']
3624030,3850,4,2,N/A,9.955762566932947,13,['To Let']
3627332,7000,4,2,N/A,2.5609632947590515,0,['To Let']
3642590,2600,2,1,N/A,0.9410505410159619,4,['To Let']
3628540,2232,2,2,N/A,12.0428085188256,5,['To Let']
3636982,3835,2,1,N/A,14.490429857365665,0,['To Let']
3603547,2000,2,1,N/A,11.565905028411322,5,['To Let']
3611031,2600,2,1,N/A,1.3479363575294916,7,['To Let']
3606611,2500,2,1,N/A,5.7399492882553655,6,['To Let']
3635627,3200,2,2,N/A,7.8975097132640615,6,['To Let']
3636143,3850,2,2,N/A,6.580417875120416,0,['To Let']
3644503,2600,2,1,N/A,0.6694377379466703,12,['To Let']
3638786,1850,1,1,N/A,2.243621200847958,0,['To Let']
3638539,4400,3,3,N/A,0.9454906898390099,8,['To Let']
3644398,2400,3,1,N/A,9.967250937812429,5,['To Let']
3644374,2300,3,2,N/A,11.809684248095909,7,['To Let']
3605400,2500,2,2,N/A,1.6953825415924062,6,['To Let']
3612921,4500,4,4,N/A,3.5239252758236828,13,['To Let']
3596069,2350,2,1,N/A,1.9243484081923254,0,['To Let']
3644352,1250,1,0,N/A,0.8477856582881782,9,['To Let']
3640464,2600,2,2,N/A,11.42001865588915,5,['To Let']
3644282,2700,3,2,N/A,1.588915433295271,10,['To Let']
3620494,2200,1,1,N/A,1.060956688588897,11,['To Let']
3604795,2150,2,1,N/A,11.161979583356468,4,['To Let']
3644256,1795,1,1,N/A,0.9290509866333649,0,['To Let']
3644243,1800,1,1,N/A,2.05075624293571,0,['To Let']
3637155,1845,1,1,N/A,7.0770340891125825,10,['To Let']
3644061,2000,2,2,N/A,10.00531920631147,0,['To Let']
3641792,1695,1,1,N/A,2.721572893427565,5,['To Let']
3638989,1685,1,1,N/A,0.9671538538029059,5,['To Let']
3600679,2300,2,1,N/A,4.169482197310133,0,['To Let']
3639728,1950,1,1,N/A,1.6893350102090945,12,['To Let']
3643844,2495,3,2,N/A,13.168682112406445,6,['To Let']
3643771,2400,2,2,N/A,8.082392551647876,6,['To Let']
3625493,1950,2,1,N/A,2.3383201641933504,2,['To Let']
3643797,1975,2,3,N/A,12.46131596782449,8,['To Let']
3614186,2250,3,2,N/A,3.817506110749246,2,['To Let']
3643699,1721,2,1,N/A,4.628748255762007,7,['To Let']
3625197,1050,1,0,N/A,1.6720684306430096,0,['To Let']
3610175,2575,2,1,N/A,0.7322199986014891,8,['To Let']
3639397,1500,1,1,N/A,2.076153903261888,0,['To Let']
3628076,1200,1,1,N/A,3.0999929551573056,0,['To Let']
3574158,1800,1,1,N/A,1.4265470437330772,0,['To Let']
3502435,2500,2,1,N/A,1.573212351839289,10,['To Let']
3587370,2500,2,1,N/A,1.8636706257675957,4,['To Let']
3641444,4000,2,2,N/A,10.11467405466402,10,['To Let']
3641787,1900,2,1,N/A,1.7499786479404802,1,['To Let']
3638514,2200,2,2,N/A,7.126390239202251,0,['To Let']
3642158,2850,3,2,N/A,11.999762183011049,7,['To Let']
3561823,1800,1,1,N/A,0.9229012621057578,7,['To Let']
11226,4950,3,2,N/A,2.314817802515857,0,['To Let']
11506,3780,2,2,N/A,2.237815964351683,0,['To Let']
3566407,2300,2,2,N/A,13.581479540251845,5,['To Let']
3611594,2300,2,2,N/A,13.584446768805972,10,['To Let']
3642963,1800,2,1,N/A,0.9376930838179646,0,['To Let']
3622049,1750,1,1,N/A,1.1089816509545138,4,['To Let']
3622117,1554,1,1,N/A,0.6346959462999001,7,['To Let']
3635917,2044,2,2,N/A,5.976166207719983,5,['To Let']
3614203,2500,2,1,N/A,5.347830623037728,6,['To Let']
3623636,2500,2,1,N/A,1.057186338411845,3,['To Let']
3611218,11000,6,4,N/A,3.8424010695500246,7,['To Let']
3435820,2700,4,2,N/A,12.65668369392033,7,['To Let']
3629619,1900,1,1,N/A,1.3117044146849428,7,['To Let']
3635555,1600,1,1,N/A,19.553931003925005,12,['To Let']
3607919,1900,2,1,N/A,1.4114009885031173,7,['To Let']
3635563,1900,2,2,N/A,19.622828487531688,12,['To Let']
3627789,7000,3,2,N/A,2.5609632947590515,0,['To Let']
3642464,2400,2,1,N/A,3.4027314901025623,4,['To Let']
3640119,2000,2,1,N/A,8.469438102166382,2,['To Let']
3635421,3500,2,2,N/A,2.4937410540281015,8,['To Let']
3642624,1900,1,1,N/A,0.9468851167723712,4,['To Let']
3642794,1600,1,1,N/A,13.821312403552792,5,['To Let']
3624403,3000,5,3,N/A,12.010997364579433,0,['To Let']
3642446,2200,2,1,N/A,7.714449879373853,5,['To Let']
2282653,2250,1,1,N/A,1.6834381808888301,7,['To Let']
1524987,2978,1,0,N/A,1.0710399356335523,10,['To Let']
1194521,2464,1,1,N/A,0.9960236912668994,10,['To Let']
3642496,2549,2,2,N/A,2.0662046745505553,5,['To Let']
3638891,1800,2,2,N/A,8.24194648801655,0,['To Let']
3641612,2450,3,2,N/A,13.025491302632915,5,['To Let']
3629078,2000,1,1,N/A,7.943255425447691,0,['To Let']
3639027,1800,1,1,N/A,1.8272229327861345,0,['To Let']
3641093,500,1,0,N/A,15.570997979834356,0,['To Let']
3628402,2000,2,2,N/A,6.974732411580173,7,['To Let']
3618257,3000,3,3,N/A,7.791756456341193,11,['To Let']
3611126,2000,2,2,N/A,11.54510468702719,4,['To Let']
3612339,2250,2,1,N/A,0.3731557903328469,4,['To Let']
3640457,1700,2,1,N/A,4.046912274810749,8,['To Let']
3623582,2500,3,1,N/A,9.731202912917004,7,['To Let']
3623147,2600,2,2,N/A,9.97589403469432,0,['To Let']
3639066,1940,2,2,N/A,4.708005062266558,5,['To Let']
3621391,1799,2,2,N/A,13.18187136305954,10,['To Let']
3639050,1960,2,2,N/A,1.3429567609996689,6,['To Let']
3604351,3500,4,4,N/A,7.50601925592219,0,['To Let']
3635252,1400,1,1,N/A,5.327943819759109,0,['To Let']
3638281,1600,1,1,N/A,2.7508127320037734,5,['To Let']
3628782,2700,2,1,N/A,3.1846265231508846,2,['To Let']
3637972,2700,2,2,N/A,1.5625647004764787,0,['To Let']
3637663,2000,2,2,N/A,14.00809358396989,0,['To Let']
3635743,1600,2,1,N/A,1.4577117941591904,0,['To Let']
3616429,2100,2,2,N/A,12.41991077591551,4,['To Let']
3620480,1950,2,2,N/A,6.6191665544782,9,['To Let']
3604930,1700,1,1,N/A,10.70509014492938,5,['To Let']
2589405,1114,1,0,N/A,5.283893807412012,12,['To Let']
3627837,2150,2,1,N/A,2.887620126625927,0,['To Let']
3638880,2900,3,2,N/A,9.186617076626527,9,['To Let']
3638874,1700,2,2,N/A,3.9539111593732263,6,['To Let']
3637455,1750,2,2,N/A,8.409860297635792,7,['To Let']
3644510,700,1,0,N/A,2.9720823887362298,0,['To Let']
3586110,2990,3,2,N/A,2.0621296382330287,0,['To Let']
3627911,980,1,0,N/A,2.7896097834869074,11,['To Let']
3473913,1000,1,0,N/A,2.789587607000682,13,['To Let']
3473844,1000,1,0,N/A,2.789587607000682,11,['To Let']
3627912,980,1,0,N/A,2.7896097834869074,11,['To Let']
3586907,1599,1,1,N/A,8.322996972620556,0,['To Let']
3637669,1800,1,1,N/A,11.805341240482228,7,['To Let']
3637147,1600,1,1,N/A,4.521514297320618,4,['To Let']
3644439,2200,2,1,N/A,3.208698740142107,0,['To Let']
3644454,1750,1,1,N/A,1.6589949685963765,6,['To Let']
3644449,2500,2,2,N/A,1.6658843559107825,6,['To Let']
3644431,2000,3,2,N/A,6.272002259332602,5,['To Let']
3644415,2300,2,1,N/A,10.036425832471389,10,['To Let']
3609647,2300,2,1,N/A,3.960739020769828,7,['To Let']
3644408,2600,3,4,N/A,12.30638583883312,4,['To Let']
3542121,3600,2,4,N/A,4.038063485812951,8,['To Let']
3644386,1550,1,1,N/A,9.576789757822434,9,['To Let']
3641216,1250,1,0,N/A,1.3463012038811069,0,['To Let']
3628842,1900,2,2,N/A,6.900664272394121,0,['To Let']
3637630,2900,2,2,N/A,2.5341268500645646,5,['To Let']
3637412,1114,1,0,N/A,1.5430499034495724,0,['To Let']
3640675,1200,1,0,N/A,9.683164640591906,4,['To Let']
3626099,1538,2,2,N/A,11.62043559970483,10,['To Let']
3644359,1545,1,1,N/A,2.4295952396986684,2,['To Let']
3643459,2400,3,2,N/A,6.424364256235906,3,['To Let']
3644372,1600,1,1,N/A,8.44566405455951,0,['To Let']
3623763,1830,2,1,N/A,4.150283055696793,1,['To Let']
3636559,2700,2,2,N/A,1.3507911319242683,5,['To Let']
3621415,3250,3,3,N/A,1.4917168380984474,5,['To Let']
3618664,6000,3,4,N/A,1.7155103002098118,4,['To Let']
3605483,2200,2,2,N/A,3.689309936312902,5,['To Let']
1521676,3245,2,2,N/A,1.603439936781002,13,['To Let']
3600845,4700,2,2,N/A,1.2278836575099101,13,['To Let']
3537629,8000,3,3,N/A,1.1136052768803777,9,['To Let']
3546031,4100,3,2,N/A,1.558522400896154,0,['To Let']
2620878,4645,3,2,N/A,1.5241265869525888,11,['To Let']
3618472,2400,2,2,N/A,1.7518911019750167,6,['To Let']
3278887,2500,1,1,N/A,1.481664942216259,11,['To Let']
3624382,5000,5,3,N/A,3.1514894952059023,7,['To Let']
3644353,2200,2,2,N/A,7.524129444396462,8,['To Let']
3637518,1165,1,1,N/A,1.9576374339299887,4,['To Let']
3623844,2800,2,2,N/A,4.373062928737007,7,['To Let']
3629037,1700,1,1,N/A,6.049468498493425,10,['To Let']
3644336,1890,1,1,N/A,2.3247467942685915,5,['To Let']
3569492,7000,4,3,N/A,1.789828609694381,0,['To Let']
3614337,7100,5,5,N/A,6.4891098802822995,9,['To Let']
3614338,7100,5,5,N/A,6.4891098802822995,9,['To Let']
3636162,2999,2,2,N/A,3.607455804384339,5,['To Let']
3639691,1999,2,2,N/A,3.5763044067017957,5,['To Let']
3642207,2999,2,2,N/A,3.607455804384339,9,['To Let']
3644087,1674,1,1,N/A,1.816892224337416,5,['To Let']
3644322,2200,1,1,N/A,7.877029981537941,10,['To Let']
3625425,1500,1,1,N/A,2.730438831766847,5,['To Let']
3598837,2200,3,2,N/A,30.440058133396526,6,['To Let']
3640096,1050,1,0,N/A,2.7308825983572147,0,['To Let']
3613818,2500,3,1,N/A,3.027843394193072,0,['To Let']
3596520,950,1,1,N/A,2.28328326671656,0,['To Let']
3623660,2000,1,1,N/A,2.2806621760828603,3,['To Let']
3574878,1280,1,1,N/A,3.2830641118289483,0,['To Let']
3607415,2000,1,1,N/A,0.9911715374155575,10,['To Let']
3628854,1730,2,1,N/A,9.206602353935494,6,['To Let']
3628813,2000,2,2,N/A,13.167652283124019,5,['To Let']
3629357,1800,2,1,N/A,13.501252153174114,5,['To Let']
3622305,1215,2,1,N/A,4.498941738165575,5,['To Let']
3622237,1670,1,1,N/A,3.620219891813197,7,['To Let']
3601050,1640,2,1,N/A,3.6830612990631537,4,['To Let']
3600964,1950,2,2,N/A,3.679798347121793,2,['To Let']
3622211,1735,2,1,N/A,3.694099511354755,5,['To Let']
3638725,1669,2,2,N/A,10.197100095345215,4,['To Let']
3627903,1500,1,1,N/A,1.804116639730111,6,['To Let']
3539037,3100,3,2,N/A,3.8032959117991085,9,['To Let']
3609202,2650,2,2,N/A,1.9371201687364865,0,['To Let']
3644112,1350,1,0,N/A,1.808599285858988,0,['To Let']
3643923,1650,1,1,N/A,2.842114395891822,0,['To Let']
3643926,1350,1,0,N/A,2.842114395891822,0,['To Let']
3643927,1650,1,1,N/A,2.842114395891822,0,['To Let']
1126069,3600,1,2,N/A,1.2999820751967996,0,['To Let']
1126060,3600,2,1,N/A,1.2975086001774687,10,['To Let']
1126064,3600,1,2,N/A,1.2585506529833201,0,['To Let']
1126058,3600,1,1,N/A,1.1110402523609109,0,['To Let']
1128168,3000,1,1,N/A,1.02712317639212,0,['To Let']
1128189,3600,1,1,N/A,1.4055742931294215,0,['To Let']
1128173,3150,2,2,N/A,1.297358769749563,0,['To Let']
1126059,3600,1,2,N/A,1.2989251255248626,0,['To Let']
1128169,3000,1,2,N/A,1.078870053680019,0,['To Let']
1128171,3150,2,2,N/A,1.3043546835656017,0,['To Let']
1126068,3600,1,2,N/A,1.3008696729621536,0,['To Let']
1128174,3000,1,1,N/A,0.88885719475287,0,['To Let']
3606281,1550,1,1,N/A,1.9670745062634847,0,['To Let']
3637449,1580,1,1,N/A,3.6305344886377098,0,['To Let']
3584309,3857,1,1,N/A,11.601867891075885,13,['To Let']
3637207,1750,1,1,N/A,6.215982334364916,7,['To Let']
3639326,1285,1,0,N/A,8.985901785198323,0,['To Let']
3622364,2691,2,2,N/A,2.9047412128118513,6,['To Let']
3602496,6000,5,3,N/A,3.125151207259634,8,['To Let']
3643374,4250,4,1,N/A,2.5387290079237825,0,['To Let']
3643989,2200,2,1,N/A,1.874438765057645,1,['To Let']
3567027,2464,1,1,N/A,0.957677020015946,0,['To Let']
3644222,1150,1,1,N/A,11.173166244696418,0,['To Let']
3641595,1200,1,1,N/A,2.8739183993969046,0,['To Let']
3636451,1500,2,2,N/A,8.886998274433749,4,['To Let']
3621896,1800,1,1,N/A,4.3389204083332915,10,['To Let']
3644159,1750,2,1,N/A,3.642584078089845,0,['To Let']
3642432,1000,1,1,N/A,22.48168825122134,3,['To Let']
5842,4500,2,2,N/A,8.69970214360326,0,['To Let']
5940,4200,2,2,N/A,7.971949509268433,0,['To Let']
1179,4200,2,2,N/A,7.791394024932364,0,['To Let']
306,4200,2,2,N/A,7.882031360530525,0,['To Let']
2535328,3900,2,1,N/A,1.520835102986616,0,['To Let']
3638013,1820,1,1,N/A,3.561215482582959,9,['To Let']
3604127,3500,2,2,N/A,13.398638035588412,10,['To Let']
3642689,3800,5,4,N/A,10.228508112574003,12,['To Let']
3634906,1850,1,1,N/A,3.4684430242594186,5,['To Let']
3617012,3700,5,4,N/A,3.6885173074899105,5,['To Let']
3626170,2250,2,2,N/A,7.856480576825237,5,['To Let']
3492170,3500,2,2,N/A,13.375305066223657,9,['To Let']
3638504,2070,2,2,N/A,7.737420073206199,5,['To Let']
3554837,4200,3,2,N/A,1.1141415350477495,5,['To Let']
3638037,2000,2,1,N/A,5.9816718537282245,6,['To Let']
3629014,3700,4,4,N/A,3.648560824981184,5,['To Let']
3644113,1150,1,1,N/A,12.207574701413726,0,['To Let']
3644142,1550,1,1,N/A,10.91022429685597,6,['To Let']
3612802,3400,4,2,N/A,2.6579907384799615,10,['To Let']
3636919,1935,2,3,N/A,9.632011463601842,10,['To Let']
3644104,1570,2,1,N/A,8.499724001890296,1,['To Let']
3588327,1925,1,1,N/A,5.551588240167121,5,['To Let']
3612841,2250,2,2,N/A,7.541691441381954,10,['To Let']
3601301,2850,3,2,N/A,4.8199944295875286,5,['To Let']
3616914,1565,2,1,N/A,9.35866867408243,0,['To Let']
3639734,1575,2,1,N/A,5.647706119850853,4,['To Let']
3165407,2490,3,2,N/A,9.989583315968424,0,['To Let']
3622354,1225,1,1,N/A,2.6460199529023045,0,['To Let']
3635733,2000,2,1,N/A,6.515354555776981,0,['To Let']
3620168,1875,2,1,N/A,11.286672896754354,4,['To Let']
3627232,2201,3,3,N/A,9.558893454713902,13,['To Let']
3560422,1900,2,1,N/A,2.4995571530441945,0,['To Let']
3635559,1614,2,2,N/A,13.748273899003186,0,['To Let']
3589731,1698,1,1,N/A,2.3696219475335694,0,['To Let']
3639393,1579,2,1,N/A,7.1546361956200375,4,['To Let']
3622424,1225,1,1,N/A,2.6007463889957667,0,['To Let']
3557885,1930,3,3,N/A,13.337878448523341,10,['To Let']
3635777,1500,1,1,N/A,5.170895900132446,0,['To Let']
3644082,1300,1,1,N/A,1.8302927449928035,1,['To Let']
3588740,7250,3,2,N/A,2.378516095803673,0,['To Let']
3620237,1650,1,1,N/A,3.6432394828009382,0,['To Let']
3618313,1450,1,1,N/A,10.132626825810654,3,['To Let']
3569562,2320,2,2,N/A,6.321240810216703,12,['To Let']
3640213,2320,4,3,N/A,16.640773613428223,13,['To Let']
3539802,2800,2,1,N/A,1.0744281754401965,10,['To Let']
3628051,1700,1,1,N/A,4.619601788900499,9,['To Let']
3569618,1530,1,1,N/A,2.4120607420246487,7,['To Let']
3639648,1632,1,1,N/A,10.167758326465679,7,['To Let']
3644049,1768,1,1,N/A,11.820860164558315,5,['To Let']
3644040,1768,2,1,N/A,3.665083534578651,4,['To Let']
2936071,1115,1,0,N/A,1.60057980218003,4,['To Let']
3644027,1600,1,1,N/A,5.481820285513924,5,['To Let']
3635918,2100,3,1,N/A,8.265520350428016,0,['To Let']
3643911,1750,1,1,N/A,2.2619114722934506,0,['To Let']
3643905,2200,3,2,N/A,7.373979887899471,10,['To Let']
3641166,1400,1,1,N/A,9.53037680637786,0,['To Let']
3635929,1800,2,2,N/A,6.876068102593606,0,['To Let']
3643908,1100,1,0,N/A,2.4794363420905685,0,['To Let']
3639548,2000,2,1,N/A,1.9588427151668328,0,['To Let']
3606358,2600,3,3,N/A,11.787234991914774,6,['To Let']
3640304,1875,2,1,N/A,2.0828593849371955,6,['To Let']
3623288,1600,1,1,N/A,2.9690751634236605,0,['To Let']
3642033,1737,2,1,N/A,1.2688354503329913,2,['To Let']
3643178,3250,3,1,N/A,1.397184930060788,5,['To Let']
3640856,1744,2,1,N/A,13.022121951187186,3,['To Let']
3642339,1800,1,1,N/A,2.940605370529011,10,['To Let']
3642351,2200,2,1,N/A,3.923679342373254,5,['To Let']
3563422,1600,1,1,N/A,1.2820190077019147,0,['To Let']
3638206,1700,1,2,N/A,4.294495353699131,0,['To Let']
3643110,1850,1,1,N/A,5.408240028333529,0,['To Let']
3643848,1700,2,2,N/A,11.324480419383278,5,['To Let']
3643917,1700,2,2,N/A,10.275985418516811,4,['To Let']
3610755,1300,1,1,N/A,3.2131965385238845,0,['To Let']
3643889,1715,2,1,N/A,1.9394580372967878,4,['To Let']
3643859,2300,3,2,N/A,12.890549493807303,5,['To Let']
3643885,1950,3,3,N/A,29.59085407747167,0,['To Let']
3640439,2000,2,2,N/A,11.118413737108261,0,['To Let']
3640017,1650,1,1,N/A,1.0485794539609066,5,['To Let']
3569264,3750,3,3,N/A,3.0719011760452304,0,['To Let']
3604199,1900,2,1,N/A,1.3599134836769722,0,['To Let']
3545278,9500,10,7,N/A,3.1620257653996204,4,['To Let']
3643792,1550,1,1,N/A,3.0098002777009474,5,['To Let']
3643782,1700,2,2,N/A,13.161274934244062,7,['To Let']
3589982,4800,3,4,N/A,1.697509207503938,13,['To Let']
3643757,1828,2,1,N/A,0.2506250140817755,0,['To Let']
3611812,2150,2,1,N/A,1.5594972413251178,7,['To Let']
3642210,3300,3,2,N/A,1.5506447582642788,5,['To Let']
3628055,1200,1,1,N/A,0.6892865431355943,2,['To Let']
3619222,1900,2,1,N/A,8.744014440000498,4,['To Let']
3643687,1750,2,2,N/A,9.931668369510813,13,['To Let']
3643677,1925,3,3,N/A,11.235613299766392,6,['To Let']
3643660,1495,2,1,N/A,9.047514969184135,0,['To Let']
3643646,2350,3,2,N/A,6.502749708890037,5,['To Let']
3643654,1475,2,2,N/A,14.35169968562111,0,['To Let']
3643649,1600,2,2,N/A,5.408931273678992,0,['To Let']
3642542,3000,3,3,N/A,13.243406433742628,9,['To Let']
3610149,2000,2,1,N/A,0.21702707275417887,4,['To Let']
3643609,2940,4,2,N/A,9.172735583406611,4,['To Let']
3643575,2750,3,1,N/A,5.2259538252225815,2,['To Let']
3639020,2600,4,1,N/A,11.619048894653275,6,['To Let']
3640965,1800,2,2,N/A,13.50414535683444,7,['To Let']
3626963,2027,2,2,N/A,1.6516176558711881,0,['To Let']
3640453,3600,3,2,N/A,11.908748481091527,4,['To Let']
3604213,1289,1,0,N/A,2.684459588992965,0,['To Let']
3618836,2080,3,1,N/A,3.9501278429697484,2,['To Let']
3643563,3750,3,2,N/A,11.953989040009063,12,['To Let']
3636346,2150,2,2,N/A,8.337333316121757,7,['To Let']
3643521,2000,2,1,N/A,1.8821935547666295,4,['To Let']
3639085,1845,1,1,N/A,7.084449678460061,7,['To Let']
3639103,1782,1,1,N/A,7.011621218962329,7,['To Let']
3621373,1850,1,1,N/A,1.4090282467694646,8,['To Let']
3597969,2200,2,2,N/A,7.948596649046496,0,['To Let']
3643462,2300,2,1,N/A,1.3428102729924973,5,['To Let']
3643484,2500,2,2,N/A,2.281935282968433,6,['To Let']
3588171,1850,1,1,N/A,9.811936413085885,0,['To Let']
3639467,1770,1,1,N/A,1.8458166846204693,4,['To Let']
3643467,1300,1,1,N/A,2.5998717058279928,0,['To Let']
3643479,1697,2,1,N/A,2.4596345616515167,4,['To Let']
3626052,1050,1,0,N/A,1.424865466491741,0,['To Let']
3491864,1650,2,1,N/A,10.293112961561388,6,['To Let']
3605310,3000,4,2,N/A,7.599394417614902,0,['To Let']
3605307,2250,2,1,N/A,1.2462127070536309,10,['To Let']
3618738,2800,3,2,N/A,5.279044938667838,12,['To Let']
3642023,2950,3,2,N/A,4.4431049386160275,4,['To Let']
3643428,1686,2,2,N/A,13.978498706710713,0,['To Let']
3627530,800,1,1,N/A,10.78937980354653,0,['To Let']
3638566,4500,3,2,N/A,1.8638766771833386,7,['To Let']
3641125,4500,4,2,N/A,1.175305004232207,7,['To Let']
3640707,3000,2,2,N/A,1.46702221371585,6,['To Let']
3626340,3000,2,2,N/A,1.3063798360132517,5,['To Let']
3627075,2407,2,1,N/A,0.21669583269825857,7,['To Let']
3608991,4495,4,2,N/A,11.900743936440405,9,['To Let']
3640280,1995,2,1,N/A,5.320260012162557,2,['To Let']
3628428,1890,2,2,N/A,6.937683333295146,5,['To Let']
3622326,2712,4,2,N/A,11.97168012031688,7,['To Let']
3622405,3000,4,3,N/A,6.117453410458257,5,['To Let']
3636038,1304,1,1,N/A,16.62707822397613,6,['To Let']
3636355,1726,3,1,N/A,8.636226032769825,7,['To Let']
3643354,1280,2,1,N/A,3.497767396087428,0,['To Let']
3595521,2000,2,2,N/A,3.961234461093592,4,['To Let']
3595526,2100,2,1,N/A,4.0177095546179205,5,['To Let']
3643347,2500,2,2,N/A,1.6143956382943907,7,['To Let']
3643342,1164,1,0,N/A,1.8051708787484808,0,['To Let']
3634838,1695,1,1,N/A,1.7043360702099986,0,['To Let']
3636311,1673,2,2,N/A,10.277170787674539,0,['To Let']
3618531,2100,1,1,N/A,1.4265470437330772,0,['To Let']
3640841,2695,4,2,N/A,5.677297921837333,0,['To Let']
2945786,1450,2,1,N/A,14.304197685367887,0,['To Let']
3627166,1800,1,1,N/A,2.4955954741351625,0,['To Let']
3640626,1950,2,1,N/A,1.7879557377199644,5,['To Let']
3641519,2200,2,2,N/A,5.6123278002168036,6,['To Let']
3217114,3500,3,2,N/A,3.29815547887219,6,['To Let']
3643264,1800,2,2,N/A,2.4011177856148067,0,['To Let']
3643273,1600,3,1,N/A,8.94205100611179,5,['To Let']
3643246,1400,1,1,N/A,1.6537235261720853,0,['To Let']
2871079,4200,2,2,N/A,0.9403560368744971,10,['To Let']
3460849,3750,2,1,N/A,2.6197297060272304,0,['To Let']
3431344,3900,2,2,N/A,1.5547567037622392,4,['To Let']
2871235,5400,3,3,N/A,4.619601788900499,10,['To Let']
2868212,3900,1,1,N/A,1.7843462159791528,5,['To Let']
3573029,4500,1,1,N/A,0.6056139638044371,13,['To Let']
3460801,3900,1,1,N/A,1.7747537573981063,10,['To Let']
2865184,4500,2,1,N/A,0.8453537850143227,10,['To Let']
3493909,8500,3,3,N/A,1.3334083801925298,13,['To Let']
2594551,4500,2,2,N/A,0.5232480263517348,8,['To Let']
2574333,4500,2,2,N/A,1.1741057997234894,8,['To Let']
2833475,4500,2,2,N/A,1.1003247564701018,5,['To Let']
2868241,3900,1,1,N/A,1.7843462159791528,5,['To Let']
2868883,4150,2,2,N/A,1.777613274160897,10,['To Let']
2574254,4200,2,2,N/A,1.0871942753766595,9,['To Let']
3460808,3900,1,1,N/A,2.3477647292318964,10,['To Let']
3460836,4100,1,1,N/A,1.524262090769556,10,['To Let']
3460861,3600,1,2,N/A,2.6197297060272304,8,['To Let']
3460819,4050,2,2,N/A,1.7843462159791528,5,['To Let']
3640403,890,1,0,N/A,4.7283831827892016,0,['To Let']
2325667,2225,2,2,N/A,6.8768395577638595,12,['To Let']
3643242,600,1,1,N/A,12.390429367462763,7,['To Let']
3643233,2200,3,2,N/A,13.913867650460597,9,['To Let']
3641428,1270,1,0,N/A,1.9268539898479788,3,['To Let']
3613763,2782,4,4,N/A,10.81612465891082,7,['To Let']
3636392,1685,2,1,N/A,8.89264564701383,0,['To Let']
3559882,1650,1,1,N/A,6.8254292467969195,0,['To Let']
3609413,2000,1,2,N/A,2.223730534004525,0,['To Let']
3569713,1450,1,1,N/A,11.815166218166315,0,['To Let']
3597847,1900,2,1,N/A,2.8084837124957276,5,['To Let']
3616997,2200,2,1,N/A,9.31750597710384,4,['To Let']
3643191,3750,4,3,N/A,6.093116428664172,2,['To Let']
3642726,775,1,0,N/A,1.8351603323254149,7,['To Let']
3616029,4000,2,3,N/A,1.7564807058041443,10,['To Let']
3636110,1400,1,1,N/A,3.073849963129864,0,['To Let']
3628536,3450,3,2,N/A,2.3621962110744126,7,['To Let']
3642917,2300,3,2,N/A,17.026186284161348,12,['To Let']
3643188,1000,1,1,N/A,12.399350591380303,6,['To Let']
3643186,1800,2,1,N/A,1.653007629403804,0,['To Let']
3640954,2204,3,1,N/A,5.299054467953421,2,['To Let']
3556447,1650,1,1,N/A,0.580248771076077,3,['To Let']
3643158,1450,2,1,N/A,11.219381724326075,7,['To Let']
3609452,2500,2,3,N/A,1.699340275399015,5,['To Let']
3607324,1848,3,1,N/A,11.072137193904304,5,['To Let']
3635750,2750,3,2,N/A,10.120572154311645,6,['To Let']
3628191,2400,2,1,N/A,3.1972141856299308,5,['To Let']
3640031,1961,2,1,N/A,4.133613380779375,7,['To Let']
3604774,3000,3,2,N/A,11.42884248519574,4,['To Let']
3596545,1950,2,1,N/A,2.7635975380863873,5,['To Let']
3625539,2450,2,1,N/A,3.3930704591354672,7,['To Let']
3611024,2250,2,2,N/A,7.018295438186626,7,['To Let']
3627435,2700,3,1,N/A,2.365030418051798,7,['To Let']
3627295,2600,3,2,N/A,5.229293844853413,7,['To Let']
3590883,7500,4,4,N/A,2.4304995525530044,0,['To Let']
3642593,1687,3,1,N/A,10.999113649419009,0,['To Let']
3639678,1578,1,2,N/A,12.20909534302747,4,['To Let']
3636113,1785,2,1,N/A,9.872450715153638,6,['To Let']
3643020,2000,2,2,N/A,6.873717650694764,7,['To Let']
3638467,2000,3,1,N/A,10.434017420753634,5,['To Let']
3577911,1550,1,1,N/A,1.097563204482759,6,['To Let']
3594009,1800,3,2,N/A,11.768895128422058,4,['To Let']
3603619,1750,2,2,N/A,11.843568648050674,6,['To Let']
3640056,2200,3,2,N/A,5.278643129493194,10,['To Let']
3603505,1800,2,1,N/A,9.84140800836447,5,['To Let']
3640685,1850,2,2,N/A,8.313223431635938,4,['To Let']
3642343,2100,3,3,N/A,9.414859889260809,6,['To Let']
3641904,1800,2,2,N/A,4.708773666282133,6,['To Let']
3642376,2400,4,2,N/A,6.415103671974105,7,['To Let']
3603264,1800,2,2,N/A,4.033532250088712,4,['To Let']
3641005,1800,2,1,N/A,3.951097534692293,6,['To Let']
3602675,1700,1,1,N/A,3.5484434731618566,4,['To Let']
3598828,1800,3,1,N/A,7.880239410321727,5,['To Let']
3603541,1800,2,2,N/A,11.440504373903403,6,['To Let']
3614119,1500,3,1,N/A,11.51308718505364,7,['To Let']
3628806,1450,1,1,N/A,7.289818516563931,6,['To Let']
3607125,1650,2,1,N/A,9.31873622286212,4,['To Let']
3629541,1280,1,0,N/A,8.381138754194417,4,['To Let']
3640039,2500,4,2,N/A,5.538193273053479,5,['To Let']
3627936,1750,2,1,N/A,6.413126308552613,5,['To Let']
3603568,2300,2,2,N/A,1.1247483928140627,5,['To Let']
3526528,1400,1,1,N/A,7.138979750345532,0,['To Let']
3627135,1875,2,2,N/A,6.205397792937326,10,['To Let']
3602693,1850,2,1,N/A,9.966181455381651,4,['To Let']
3627873,2000,3,1,N/A,10.614032106661615,4,['To Let']
3583583,1900,2,1,N/A,11.480632708836053,7,['To Let']
3639976,1875,2,1,N/A,11.815166218166315,5,['To Let']
3640837,1550,1,1,N/A,0.7081893228940476,5,['To Let']
3640029,1850,2,1,N/A,6.428055677528551,6,['To Let']
3634862,2000,3,1,N/A,4.924727184340489,7,['To Let']
3279567,3000,3,3,N/A,21.397266950256686,4,['To Let']
3636603,1500,1,1,N/A,8.733546041146296,4,['To Let']
3526747,1850,2,2,N/A,5.763589047607155,0,['To Let']
3616955,1950,3,1,N/A,9.237801826002247,4,['To Let']
3606876,1522,2,2,N/A,10.716909786417544,4,['To Let']
3626032,1650,2,2,N/A,11.41732140606582,4,['To Let']
3526580,1450,1,1,N/A,5.83244993749319,0,['To Let']
3590947,1400,2,1,N/A,9.56499426916166,4,['To Let']
3586393,2000,3,1,N/A,9.860240609655348,4,['To Let']
3606646,1650,3,3,N/A,16.54111458421222,4,['To Let']
3597667,1600,2,1,N/A,11.567394659619385,4,['To Let']
3603333,1700,2,1,N/A,1.6172029804219685,6,['To Let']
3578560,1550,1,1,N/A,3.320080456218473,0,['To Let']
3586615,1200,1,1,N/A,9.899260277828699,4,['To Let']
3602693,1850,2,1,N/A,9.966181455381651,4,['To Let']
3627873,2000,3,1,N/A,10.614032106661615,4,['To Let']
3583583,1900,2,1,N/A,11.480632708836053,7,['To Let']
3639976,1875,2,1,N/A,11.815166218166315,5,['To Let']
3640837,1550,1,1,N/A,0.7081893228940476,5,['To Let']
3640029,1850,2,1,N/A,6.428055677528551,6,['To Let']
3634862,2000,3,1,N/A,4.924727184340489,7,['To Let']
3279567,3000,3,3,N/A,21.397266950256686,4,['To Let']
3636603,1500,1,1,N/A,8.733546041146296,4,['To Let']
3638536,1950,2,1,N/A,10.039025115302124,6,['To Let']
3638595,1100,1,0,N/A,2.4612512095596024,6,['To Let']
3642319,2000,3,2,N/A,8.538522549805721,5,['To Let']
3641912,1510,1,1,N/A,1.969080518294721,5,['To Let']
3415830,3495,4,1,N/A,2.8248893183128896,2,['To Let']
3643072,1255,1,0,N/A,1.5872436984889626,0,['To Let']
3642562,1569,1,1,N/A,1.764671466074686,0,['To Let']
3629830,1338,1,0,N/A,2.6093451419923777,0,['To Let']
3629751,2000,2,2,N/A,9.896587782932222,5,['To Let']
3611271,2140,2,1,N/A,1.2575865689739034,6,['To Let']
3565140,1367,1,1,N/A,1.696535124851831,7,['To Let']
3642355,1730,2,1,N/A,9.441330151077869,0,['To Let']
3636203,1595,2,1,N/A,7.802130463125205,5,['To Let']
3638754,1800,2,2,N/A,13.827840396065683,5,['To Let']
3643046,1700,1,1,N/A,0.8419618405798965,4,['To Let']
3636108,1775,2,1,N/A,1.7758019255021134,2,['To Let']
3620500,1667,1,1,N/A,1.7232582755981898,4,['To Let']
2286599,3600,2,1,N/A,0.5434853604143511,0,['To Let']
3611087,15000,2,3,N/A,1.5602943569643193,13,['To Let']
3641344,2400,2,2,N/A,0.25900386211525,5,['To Let']
3638196,2500,3,2,N/A,12.373481676994604,5,['To Let']
3639454,1990,2,2,N/A,1.6291729032536462,2,['To Let']
3532099,2400,2,2,N/A,3.7419618582499092,5,['To Let']
3640803,2400,2,1,N/A,3.1322533293869217,5,['To Let']
3526372,2600,3,3,N/A,4.06379465418248,10,['To Let']
3604007,1800,1,1,N/A,3.099639895568634,5,['To Let']
3628862,3771,4,3,N/A,2.2464705589815113,6,['To Let']
3611019,2500,2,2,N/A,2.136428609918977,9,['To Let']
3642614,1460,1,1,N/A,7.100947961310331,5,['To Let']
3618937,1900,2,2,N/A,9.719118774100561,7,['To Let']
3620344,1868,3,1,N/A,11.18565536656289,6,['To Let']
3621984,1725,2,1,N/A,1.6702849116072649,7,['To Let']
3638613,2065,2,1,N/A,1.7794550277141097,5,['To Let']
3638621,1880,1,1,N/A,1.7794550277141097,5,['To Let']
3640288,975,1,1,N/A,11.428213340812157,7,['To Let']
3641766,2200,2,2,N/A,7.0132488944334295,5,['To Let']
3640434,1425,1,1,N/A,1.9524860838949616,4,['To Let']
3607144,3000,2,2,N/A,1.441821488598616,5,['To Let']
3635318,2300,2,1,N/A,1.0019421797952466,4,['To Let']
1416440,3600,2,2,N/A,1.230961102038061,6,['To Let']
3597844,2250,2,1,N/A,1.5476079703953005,5,['To Let']
2496145,6500,1,2,N/A,0.5966139569290787,9,['To Let']
3625133,3250,3,2,N/A,2.578219377192402,4,['To Let']
3628939,1997,2,1,N/A,1.3438675201138834,6,['To Let']
3614007,2100,3,3,N/A,10.002956700258006,6,['To Let']
3540727,5000,1,2,N/A,2.737322532576425,10,['To Let']
3591429,6500,2,2,N/A,2.6989971009253324,6,['To Let']
2612599,4250,2,2,N/A,1.119519575786134,6,['To Let']
3639423,1425,1,1,N/A,1.350256172771944,2,['To Let']
3622058,1670,2,1,N/A,9.454996926138854,5,['To Let']
3621787,2800,2,1,N/A,1.1038977242029044,9,['To Let']
3641277,2280,3,2,N/A,1.021064354211077,0,['To Let']
3624735,1900,2,3,N/A,13.576697998454668,0,['To Let']
2883572,7000,2,3,N/A,2.698043336066847,5,['To Let']
1382823,6000,2,3,N/A,2.754656791096926,9,['To Let']
3636571,2500,2,2,N/A,1.4749205658120763,6,['To Let']
3625280,2250,2,1,N/A,3.0290792358472487,7,['To Let']
3606052,1536,1,1,N/A,0.9268825086010912,7,['To Let']
3626013,1500,1,1,N/A,1.6768559103101595,4,['To Let']
3636406,1600,1,1,N/A,8.27097106392987,4,['To Let']
3537771,1800,2,1,N/A,3.0886707932727955,5,['To Let']
3609203,2650,3,2,N/A,10.298766585801294,5,['To Let']
3627178,4160,3,2,N/A,2.5277964813020293,3,['To Let']
3571502,2025,2,2,N/A,7.379891370978787,8,['To Let']
3623087,3900,5,3,N/A,6.746889462808988,2,['To Let']
3619035,3950,4,3,N/A,4.444212768301672,0,['To Let']
3614044,4500,5,4,N/A,11.755839535782162,10,['To Let']
3640079,1900,1,1,N/A,1.9466465493459266,0,['To Let']
3576534,15000,5,5,N/A,1.8051298965618718,0,['To Let']
3635296,2650,2,2,N/A,9.378823194250716,0,['To Let']
3600482,6200,5,4,N/A,3.767025029433921,4,['To Let']
3603886,2000,2,1,N/A,4.168412290032177,4,['To Let']
3563065,3900,4,1,N/A,11.232844766207004,3,['To Let']
3622603,2174,2,2,N/A,1.6697301872135013,6,['To Let']
3571970,2700,2,2,N/A,1.5290372024702286,12,['To Let']
3618747,2118,3,2,N/A,5.601891833670788,5,['To Let']
3599098,1400,1,1,N/A,1.2234272065736813,1,['To Let']
3639433,2100,3,2,N/A,8.86846444527197,5,['To Let']
3590819,5500,5,3,N/A,12.51638310145316,5,['To Let']
2621248,2400,2,2,N/A,1.2675166854238404,10,['To Let']
3619154,1144,1,1,N/A,3.352981399166556,0,['To Let']
3626945,1350,1,1,N/A,1.70732877556595,4,['To Let']
3637932,1800,1,1,N/A,1.5517235313029065,0,['To Let']
3637939,1711,1,1,N/A,2.2172483423354024,0,['To Let']
3638170,3492,4,1,N/A,3.0032185467857033,5,['To Let']
3626098,1500,1,1,N/A,2.0273723650556774,0,['To Let']
3624404,2011,2,1,N/A,0.9335821705924667,0,['To Let']
3584436,1775,3,2,N/A,2.8077228417585003,4,['To Let']
3621400,2100,2,1,N/A,5.465097447715424,6,['To Let']
3613867,3000,4,2,N/A,6.047093612061069,7,['To Let']
3626073,1250,1,0,N/A,2.1725835454962765,0,['To Let']
3628762,1239,2,3,N/A,30.18787865751526,10,['To Let']
3641812,1357,1,1,N/A,4.631217026238283,4,['To Let']
3638247,2052,3,2,N/A,3.739224634085197,2,['To Let']
3639413,1777,2,1,N/A,10.984326703275679,5,['To Let']
3626115,1250,1,0,N/A,1.5460012192661212,0,['To Let']
3635896,1892,3,2,N/A,13.511834133679168,9,['To Let']
3639895,1674,2,1,N/A,4.683932196422624,4,['To Let']
3616339,1900,2,2,N/A,6.474526864536002,5,['To Let']
3432972,1250,1,0,N/A,2.8861094317072324,0,['To Let']
3620476,1700,1,1,N/A,2.6022660100627877,5,['To Let']
3549303,1050,1,0,N/A,2.5361722763104795,0,['To Let']
3584391,2200,2,2,N/A,4.166592892873732,4,['To Let']
3641244,1700,2,1,N/A,11.531749253804284,0,['To Let']
3641911,1900,2,2,N/A,9.426000616005192,0,['To Let']
3604348,2950,3,2,N/A,9.95722157531299,13,['To Let']
3594974,3500,4,3,N/A,13.835160040944974,10,['To Let']
3594765,1100,1,0,N/A,2.2019872237070577,0,['To Let']
3431869,1200,1,0,N/A,2.0701443344229946,2,['To Let']
3641909,1700,2,1,N/A,1.2971995120696949,0,['To Let']
3636368,1100,1,0,N/A,1.8311376187957242,0,['To Let']
3636374,800,1,0,N/A,1.8373920949603562,0,['To Let']
2951710,1495,1,1,N/A,2.063833567030152,5,['To Let']
3629676,1395,1,1,N/A,12.756668509112794,7,['To Let']
3642167,3300,3,1,N/A,4.40468983032169,4,['To Let']
3621691,3500,2,2,N/A,3.106504961389632,5,['To Let']
3638478,2300,1,1,N/A,1.1662033124351472,4,['To Let']
3611891,2350,2,1,N/A,0.9607154065752531,7,['To Let']
3640351,970,1,1,N/A,2.79449705923403,5,['To Let']
3602591,2190,3,2,N/A,11.347932087098105,5,['To Let']
3600970,5700,5,4,N/A,6.996853111777029,2,['To Let']
3625326,2406,3,1,N/A,5.87841345214792,2,['To Let']
2851864,2750,2,3,N/A,1.7404282818574206,0,['To Let']
3629683,2117,2,1,N/A,6.139349890301406,6,['To Let']
3642293,1987,1,1,N/A,13.759299498858251,0,['To Let']
3642526,2200,2,2,N/A,2.8766933227979044,7,['To Let']
3639921,1950,2,1,N/A,1.7224839484514571,7,['To Let']
3640637,1700,1,1,N/A,0.5470052662377531,4,['To Let']
3642619,2000,2,1,N/A,10.751471825807334,6,['To Let']
3600562,1600,1,1,N/A,2.1884844138207042,2,['To Let']
3629761,1800,2,2,N/A,1.928037694396376,2,['To Let']
3637918,2650,2,3,N/A,3.45854327093688,5,['To Let']
3466855,9500,5,4,N/A,2.740133008892099,12,['To Let']
3576355,2000,2,1,N/A,2.766844983567367,5,['To Let']
3619115,1500,1,1,N/A,10.74841419927774,7,['To Let']
3619059,2040,2,1,N/A,3.861228609355863,6,['To Let']
3629514,1800,1,1,N/A,7.849887879436602,5,['To Let']
3485428,2000,2,1,N/A,2.023485292819878,5,['To Let']
3616922,1500,2,1,N/A,7.704290212093221,0,['To Let']
3604912,1450,1,1,N/A,2.9262180885332056,0,['To Let']
3642472,1500,1,0,N/A,2.737820669219304,0,['To Let']
3639546,1145,1,1,N/A,1.5066136319238328,0,['To Let']
3628917,1350,1,0,N/A,2.822679029189369,0,['To Let']
3594751,4995,3,3,N/A,1.5481156878286668,10,['To Let']
3641291,1878,2,1,N/A,2.1697872271423884,3,['To Let']
3622001,2100,3,1,N/A,6.7451697970050555,2,['To Let']
3625758,2188,2,2,N/A,8.382673379785402,7,['To Let']
3639445,2500,2,2,N/A,1.8931769279473323,6,['To Let']
3562971,1650,2,2,N/A,8.372024975616734,7,['To Let']
3600978,4706,4,3,N/A,1.549309446020912,0,['To Let']
3593487,9950,4,3,N/A,1.7453289396691734,0,['To Let']
3638578,1900,2,1,N/A,12.965863745303592,6,['To Let']
3638181,1550,1,1,N/A,0.9019655820377499,5,['To Let']
3187341,2000,1,1,N/A,5.5511949024582234,5,['To Let']
3640176,2100,2,1,N/A,11.101872821274647,0,['To Let']
3639437,3000,4,4,N/A,7.502626204531153,0,['To Let']
3524057,1100,1,0,N/A,2.7790777008593324,0,['To Let']
3622053,2400,2,2,N/A,1.2154242551293062,7,['To Let']
3616278,1400,1,1,N/A,2.61496142592836,0,['To Let']
3642463,1950,2,1,N/A,2.163449030940225,0,['To Let']
3597258,2288,2,2,N/A,6.938454484763574,7,['To Let']
3639461,2100,2,2,N/A,13.851858801774759,7,['To Let']
3611321,10500,3,2,N/A,9.892274273473621,4,['To Let']
3639450,2900,3,2,N/A,9.937503576436264,13,['To Let']
3642276,1800,2,2,N/A,13.562360164046897,0,['To Let']
3609282,2600,3,2,N/A,12.962372281080372,6,['To Let']
3641230,3640,3,3,N/A,2.0167225641923503,13,['To Let']
3640902,1650,1,1,N/A,5.0013970290592376,6,['To Let']
3641094,2350,2,2,N/A,4.50875218754426,5,['To Let']
3636912,3000,2,3,N/A,2.984879543846272,5,['To Let']
3484788,3500,3,2,N/A,2.0999732218427556,5,['To Let']
3595242,2400,2,2,N/A,1.5557905820489357,4,['To Let']
3638183,2452,2,2,N/A,0.5933308768296642,6,['To Let']
3601841,2024,3,3,N/A,6.937949657457743,10,['To Let']
3642887,1260,2,1,N/A,20.705467571993033,7,['To Let']
3629343,1500,1,1,N/A,2.452518461355897,0,['To Let']
3641467,1961,1,1,N/A,0.4237841107930852,5,['To Let']
3593830,1900,2,1,N/A,2.067244624443309,0,['To Let']
3535242,1850,2,2,N/A,9.091610324051551,0,['To Let']
3642793,1300,1,1,N/A,11.16784708745046,5,['To Let']
3603437,3500,3,3,N/A,11.269577427210313,7,['To Let']
3230588,2000,3,1,N/A,6.1838901979449625,4,['To Let']
3640358,2000,3,1,N/A,12.200420735081655,6,['To Let']
3617168,1650,2,1,N/A,30.16898027966914,5,['To Let']
3640099,1627,2,2,N/A,3.503408549689673,5,['To Let']
3613542,2250,2,1,N/A,8.813857270839428,4,['To Let']
3551747,2000,3,1,N/A,6.351220013172229,4,['To Let']
3642669,3500,3,2,N/A,7.377942162632026,8,['To Let']
3642683,1925,2,1,N/A,3.409239904508839,0,['To Let']
3538893,1900,2,1,N/A,1.1871568170236968,0,['To Let']
3268463,925,1,0,N/A,14.490429857365665,0,['To Let']
2618249,3835,2,1,N/A,0.9549819953919816,10,['To Let']
2618862,2892,1,1,N/A,1.0556594409621904,0,['To Let']
1194522,2035,1,0,N/A,0.9834935188932546,10,['To Let']
2737519,3835,3,2,N/A,1.0702036556773573,9,['To Let']
1194524,1821,1,0,N/A,0.9854367243942888,10,['To Let']
2299094,2785,1,1,N/A,0.8187651692185723,10,['To Let']
2618253,3642,1,1,N/A,0.8575590898666261,10,['To Let']
2618860,4264,2,2,N/A,1.4163082966455036,10,['To Let']
2618250,4264,3,2,N/A,0.7116276263114785,10,['To Let']
2618886,3835,1,1,N/A,1.038406170410741,5,['To Let']
1525203,2464,1,1,N/A,1.705909558129432,10,['To Let']
2282696,2464,1,1,N/A,1.048052996817069,6,['To Let']
3268417,825,1,0,N/A,14.490429857365665,0,['To Let']
3568692,3400,3,2,N/A,1.2344119365480812,10,['To Let']
2618248,3600,2,2,N/A,1.3789203658900866,5,['To Let']
2618871,3750,1,1,N/A,1.267356068454894,10,['To Let']
3477045,3642,1,1,N/A,1.3643743931063046,7,['To Let']
3642504,2100,2,1,N/A,2.3808287505197687,7,['To Let']
3642494,1490,1,1,N/A,3.722926891659106,4,['To Let']
3642491,1850,1,1,N/A,3.3894850415977813,5,['To Let']
3642478,2450,2,1,N/A,2.855000734290002,2,['To Let']
3561977,2150,2,1,N/A,2.376543173316448,6,['To Let']
3642442,1550,2,1,N/A,11.680648520301688,5,['To Let']
3635946,1599,2,1,N/A,1.8129986911667084,1,['To Let']
3642237,1975,1,1,N/A,0.8930699299514934,5,['To Let']
3542269,1375,1,0,N/A,2.0414299326268446,0,['To Let']
3638597,1900,2,2,N/A,9.735935306977044,4,['To Let']
3642363,2900,2,3,N/A,13.30885747916905,0,['To Let']
3640775,2180,3,3,N/A,13.46188044865103,13,['To Let']
3640273,2950,4,2,N/A,3.704987516519871,5,['To Let']
3609205,1940,2,2,N/A,4.9430577361646595,7,['To Let']
152700,4200,2,2,N/A,13.778799593313147,0,['To Let']
3616415,2399,2,2,N/A,13.572094170566377,12,['To Let']
2499774,2700,3,2,N/A,1.5455199738765282,0,['To Let']
3642254,2400,2,2,N/A,13.30885747916905,13,['To Let']
3642284,3495,4,2,N/A,6.8010260207428965,0,['To Let']
3642248,2000,2,2,N/A,4.773496247154334,6,['To Let']
3616472,3125,4,3,N/A,4.835974724189379,6,['To Let']
3622041,1714,2,1,N/A,2.0023210942867102,2,['To Let']
3626266,6000,4,3,N/A,1.5271306676267105,0,['To Let']
3626756,2500,3,2,N/A,5.251362949588334,4,['To Let']
3638655,3000,3,2,N/A,5.423867551878133,5,['To Let']
3638718,2100,3,1,N/A,7.796254222852895,5,['To Let']
3592712,2200,3,1,N/A,28.069594569391146,2,['To Let']
3613873,1650,2,2,N/A,27.738835759196967,5,['To Let']
3634881,2500,4,2,N/A,13.514910346915519,12,['To Let']
3586463,2000,2,1,N/A,2.731136814972538,2,['To Let']
3640696,1999,2,2,N/A,0.49608885802150376,0,['To Let']
3636123,1667,2,1,N/A,4.36516565267115,4,['To Let']
3628499,3000,2,1,N/A,13.214667267859125,3,['To Let']
3623775,1438,1,1,N/A,7.917507732709769,1,['To Let']
3641407,1747,2,1,N/A,1.7616851613536852,6,['To Let']
3639982,1330,1,1,N/A,1.3106645738811498,5,['To Let']
3604247,3600,4,4,N/A,3.8716052649005794,13,['To Let']
3642071,4000,4,3,N/A,5.441859903113093,4,['To Let']
3639765,1271,1,0,N/A,6.058998796635247,0,['To Let']
3549300,2107,2,2,N/A,0.9796056407651799,10,['To Let']
3191170,1144,1,0,N/A,6.079379866953196,0,['To Let']
3639828,2000,1,1,N/A,1.8010599539641627,0,['To Let']
3642044,2200,2,1,N/A,13.588906944099,0,['To Let']
3642040,1300,1,1,N/A,2.7057728833891623,0,['To Let']
3595991,2950,3,3,N/A,7.019393297332194,9,['To Let']
3574138,2195,2,1,N/A,1.7460191429701917,0,['To Let']
3641952,1567,1,1,N/A,3.720044831295403,2,['To Let']
3613515,1982,2,1,N/A,0.6580667710863921,5,['To Let']
2613860,10000,5,3,N/A,1.443331256450902,0,['To Let']
3280633,6300,5,4,N/A,11.98935362206573,0,['To Let']
3637464,2690,2,3,N/A,9.065701883342477,7,['To Let']
3613895,2100,2,2,N/A,10.805671509043261,5,['To Let']
3582553,4600,2,2,N/A,11.627131036671242,13,['To Let']
3639680,3400,3,2,N/A,4.70853999007363,7,['To Let']
3637469,2195,2,1,N/A,3.054807112381794,5,['To Let']
3637465,2250,2,2,N/A,1.2931565896563484,10,['To Let']
3543196,1575,2,2,N/A,12.68891207330113,6,['To Let']
3608879,1872,2,1,N/A,0.9409265045059031,4,['To Let']
3542213,1950,2,2,N/A,4.825743450222259,0,['To Let']
3622702,1800,2,1,N/A,2.263364138520465,1,['To Let']
3629723,3350,3,3,N/A,8.958848971652264,5,['To Let']
3619181,4700,3,3,N/A,2.0662046745505553,9,['To Let']
3620227,2300,1,1,N/A,1.514870653976287,0,['To Let']
3609310,2389,2,1,N/A,2.3477647292318964,5,['To Let']
3625315,2300,4,2,N/A,10.616488450846367,3,['To Let']
3608125,2785,1,1,N/A,7.872355199391935,5,['To Let']
3608410,1800,2,1,N/A,12.967544150152184,0,['To Let']
3616867,2150,2,1,N/A,0.4762759856811776,0,['To Let']
3638283,3083,3,2,N/A,3.9169507038237454,7,['To Let']
3637917,1108,1,0,N/A,1.7137732396995973,0,['To Let']
3637900,1240,1,1,N/A,2.5250403985612606,0,['To Let']
3609402,1650,1,1,N/A,1.3568776371363254,5,['To Let']
3605126,5800,4,5,N/A,13.303011117450271,12,['To Let']
3627363,3500,4,2,N/A,13.809432693871374,0,['To Let']
3629564,1115,1,0,N/A,3.266988059929188,0,['To Let']
3620317,1500,1,0,N/A,1.9176810407992881,6,['To Let']
3611338,1400,1,0,N/A,1.9176810407992881,5,['To Let']
3625261,1400,1,0,N/A,3.606447025070562,0,['To Let']
3592513,1300,1,0,N/A,3.606447025070562,6,['To Let']
3641300,1883,2,1,N/A,2.694900063288864,0,['To Let']
3641353,1401,1,1,N/A,3.6191938364482796,0,['To Let']
3628054,1600,1,1,N/A,2.148900238352325,0,['To Let']
3593456,1750,1,1,N/A,2.4673711676877534,0,['To Let']
3624659,2500,2,1,N/A,1.2869383380908235,7,['To Let']
3641837,1685,2,1,N/A,9.171986318677947,4,['To Let']
3641030,1600,2,1,N/A,1.5763692814154224,0,['To Let']
3620418,2450,2,2,N/A,1.8237547171779536,6,['To Let']
3628919,5000,2,2,N/A,2.424319380513292,7,['To Let']
3628857,4000,3,2,N/A,2.3905351884778705,4,['To Let']
3638204,2040,1,1,N/A,1.2683609393759987,5,['To Let']
3636632,1752,1,1,N/A,3.468453712274226,7,['To Let']
3640063,1800,1,1,N/A,1.8237547171779536,5,['To Let']
3635913,1883,1,2,N/A,1.593382146830955,7,['To Let']
3622475,1800,1,1,N/A,0.7086363675061171,4,['To Let']
3623389,2000,2,2,N/A,12.584928838706785,6,['To Let']
3623571,1950,1,1,N/A,1.0413332417530248,6,['To Let']
3623578,1250,1,0,N/A,2.373498266647208,0,['To Let']
3530509,1150,1,0,N/A,1.7772608800850207,0,['To Let']
3607642,1750,1,1,N/A,1.6854261337159266,6,['To Let']
3599288,2450,3,1,N/A,2.7396502435219103,4,['To Let']
2947362,2995,2,2,N/A,2.899321798404276,10,['To Let']
3553039,6200,4,3,N/A,1.6716754601347017,0,['To Let']
3580998,4500,3,3,N/A,3.335403683963147,5,['To Let']
2536445,1200,1,1,N/A,7.541691441381954,2,['To Let']
3619162,4000,3,3,N/A,2.0316388649474972,9,['To Let']
3560614,3250,2,2,N/A,0.8425432486404448,5,['To Let']
3641394,2819,3,2,N/A,2.2078111286878763,4,['To Let']
3619136,2000,2,2,N/A,12.43158043553865,5,['To Let']
3638632,2950,3,1,N/A,13.198229535979968,5,['To Let']
3641087,1800,2,2,N/A,12.43779601857847,7,['To Let']
3640967,1950,1,1,N/A,13.777301183291355,13,['To Let']
3620690,2750,4,2,N/A,13.860039096603796,7,['To Let']
3621639,2350,2,2,N/A,13.264274272106888,13,['To Let']
3640001,2550,2,2,N/A,13.919847762598916,7,['To Let']
3638369,2000,2,1,N/A,1.8272404869798915,4,['To Let']
3641577,2500,3,3,N/A,4.495514151284935,4,['To Let']
3641439,1750,1,1,N/A,3.981566747366767,5,['To Let']
3624743,2150,2,2,N/A,6.8403079024051685,6,['To Let']
3641593,1900,1,1,N/A,0.7374252413851492,1,['To Let']
3609045,1950,2,1,N/A,6.292283910653715,4,['To Let']
3641533,1600,2,1,N/A,12.909329270413375,7,['To Let']
3641448,2000,2,2,N/A,1.8085667655735358,1,['To Let']
3641403,1100,1,1,N/A,2.5045028533125566,0,['To Let']
3624979,1661,1,1,N/A,1.3481733790337131,0,['To Let']
2936415,4900,2,2,N/A,1.1520934299574632,0,['To Let']
3641233,2300,3,3,N/A,10.133671474716555,4,['To Let']
3641209,1850,2,2,N/A,1.3444867136294647,0,['To Let']
3641078,1701,1,1,N/A,0.5228661547981142,2,['To Let']
3641067,1766,1,1,N/A,4.736860129853451,10,['To Let']
3638561,1500,1,1,N/A,6.320900238951304,9,['To Let']
3641050,3000,2,3,N/A,1.3868577162194282,0,['To Let']
3275927,3642,2,2,N/A,1.0116066383977014,7,['To Let']
3522260,3214,1,1,N/A,0.965331470045951,6,['To Let']
3275936,3857,2,2,N/A,1.157970041756307,5,['To Let']
3618661,4071,2,2,N/A,0.965331470045951,5,['To Let']
3601380,3000,1,1,N/A,0.965331470045951,6,['To Let']
3275908,3428,1,1,N/A,1.1472488936662493,5,['To Let']
3554591,3642,1,1,N/A,1.4943180195743124,8,['To Let']
3275946,3857,2,2,N/A,1.1472488936662493,6,['To Let']
3477454,3857,2,2,N/A,1.1472488936662493,10,['To Let']
3601406,3857,2,2,N/A,1.1472488936662493,5,['To Let']
3578872,3000,1,1,N/A,0.965331470045951,6,['To Let']
3618494,3857,2,2,N/A,1.1472488936662493,5,['To Let']
3607073,3642,2,2,N/A,1.0116066383977014,5,['To Let']
3545157,4900,4,5,N/A,3.417271341583307,0,['To Let']
3199371,3214,1,1,N/A,1.0116066383977014,5,['To Let']
3618963,1650,2,2,N/A,5.468742579424813,5,['To Let']
3517063,3400,3,3,N/A,3.3950936122604696,6,['To Let']
3604816,1850,2,1,N/A,1.0160604266182507,4,['To Let']
3640957,2065,3,3,N/A,11.26821717729107,9,['To Let']
3640948,1600,1,1,N/A,11.20956470576165,5,['To Let']
3636152,2150,3,3,N/A,17.792025536718064,4,['To Let']
3636257,1600,1,1,N/A,9.940431003144836,13,['To Let']
3635826,2216,4,3,N/A,9.758609120635828,9,['To Let']
3640826,1750,1,1,N/A,1.702033220207929,2,['To Let']
3620941,2500,2,1,N/A,8.503737786045244,0,['To Let']
3629699,1500,1,1,N/A,3.2184878471257106,3,['To Let']
3639852,2075,2,2,N/A,7.842146287237791,5,['To Let']
2872967,2350,4,1,N/A,8.506886084986927,5,['To Let']
3639434,1900,3,3,N/A,7.459208511013636,10,['To Let']
3605431,2300,2,2,N/A,2.5653220695243464,0,['To Let']
3640108,1500,1,1,N/A,2.2542551209888066,7,['To Let']
3616259,1730,2,1,N/A,0.8807377944597097,2,['To Let']
3604632,2300,3,1,N/A,3.938179313877092,4,['To Let']
3619021,2225,3,3,N/A,14.666057384894277,6,['To Let']
3640612,1850,2,1,N/A,1.293541776269137,7,['To Let']
3601589,2400,3,3,N/A,4.424351620356266,0,['To Let']
3626787,1900,2,2,N/A,12.745506039857322,7,['To Let']
3612107,825,1,0,N/A,2.5285007390774235,5,['To Let']
3627423,1000,1,0,N/A,2.142538013168117,5,['To Let']
3262975,1000,1,1,N/A,2.805077312593518,2,['To Let']
3609043,2000,2,1,N/A,2.142538013168117,10,['To Let']
3594197,1600,1,1,N/A,2.142538013168117,5,['To Let']
3515791,950,1,1,N/A,10.44123079741365,5,['To Let']
3625545,3037,4,3,N/A,8.257077355296675,5,['To Let']
3640474,1950,2,2,N/A,11.237115408980118,7,['To Let']
3573580,2100,3,1,N/A,5.405965796822936,0,['To Let']
3640144,1850,2,2,N/A,12.258120524919404,4,['To Let']
3620498,2500,4,3,N/A,11.665295729081262,4,['To Let']
3562275,1900,1,1,N/A,2.585281686137435,0,['To Let']
3635894,2347,3,1,N/A,3.4613476383796544,4,['To Let']
3640059,2400,4,3,N/A,13.778534503635127,5,['To Let']
3604342,2400,3,3,N/A,9.867104126138875,13,['To Let']
3640052,1975,2,1,N/A,0.37364010334867137,4,['To Let']
2833800,1500,1,1,N/A,2.70469334819009,0,['To Let']
3531864,2000,2,2,N/A,6.314041126006139,5,['To Let']
3625107,2400,2,2,N/A,1.2227393324595368,10,['To Let']
3577737,2040,2,2,N/A,8.245176532893373,10,['To Let']
3614188,2250,2,2,N/A,10.366585456031984,7,['To Let']
3636921,2150,2,2,N/A,7.674656392716798,10,['To Let']
3639780,1813,2,2,N/A,4.674378333581616,7,['To Let']
3611132,2400,3,2,N/A,13.086498451201779,5,['To Let']
3622316,1956,2,1,N/A,3.647012359662404,5,['To Let']
3628364,1875,3,3,N/A,11.43994490381985,7,['To Let']
3599335,1450,1,1,N/A,9.824992367584676,0,['To Let']
3639561,1900,3,3,N/A,10.059536953265354,6,['To Let']
3635491,1612,1,1,N/A,0.9209474698595959,6,['To Let']
3620106,1100,1,0,N/A,16.167005773006508,13,['To Let']
3639480,2200,2,1,N/A,3.4821453314903543,4,['To Let']
3636597,2450,3,1,N/A,12.954560450981951,0,['To Let']
3639368,1200,1,0,N/A,4.03946397279169,0,['To Let']
3606089,1920,1,1,N/A,13.085240335896783,5,['To Let']
3639362,1200,1,1,N/A,3.2097969171817415,7,['To Let']
3560091,1000,1,1,N/A,7.785550747300859,9,['To Let']
3564653,1350,1,1,N/A,1.681074912214335,2,['To Let']
3637984,5050,4,2,N/A,6.843962270405408,0,['To Let']
3639306,1768,1,1,N/A,3.357288986535086,5,['To Let']
3639071,800,1,0,N/A,18.04301334994607,0,['To Let']
3588784,2100,2,2,N/A,14.087484304487475,6,['To Let']
3638968,2100,2,1,N/A,12.354591314339427,0,['To Let']
3619235,2550,3,1,N/A,4.791659459398654,0,['To Let']
3548540,1650,2,1,N/A,30.01050923023719,5,['To Let']
3599600,2300,2,2,N/A,3.8221045299500855,7,['To Let']
3638602,2000,2,2,N/A,4.033532250088712,5,['To Let']
3638121,1800,2,2,N/A,8.379110633181169,1,['To Let']
3638334,1443,1,1,N/A,4.520070806806574,5,['To Let']
3603918,2000,2,2,N/A,9.572440285448048,6,['To Let']
3626816,2956,4,2,N/A,6.528903792686257,5,['To Let']
3472404,4500,3,3,N/A,6.843511300663706,12,['To Let']
3465184,2200,2,1,N/A,3.7282751622450974,5,['To Let']
3575312,3750,4,2,N/A,2.380354328625382,0,['To Let']
3638307,1600,1,1,N/A,2.9707318254494877,2,['To Let']
3603755,1545,1,1,N/A,1.8777012821982146,0,['To Let']
2893370,2500,2,2,N/A,3.4744265940052297,6,['To Let']
3572974,2629,4,2,N/A,8.978669482878002,12,['To Let']
3638282,1400,1,1,N/A,1.74110713015891,10,['To Let']
3612042,1500,1,1,N/A,2.06486241017881,0,['To Let']
2843519,1850,1,1,N/A,1.3771056366719565,7,['To Let']
3611857,3875,4,3,N/A,7.384244765453293,0,['To Let']
3638157,1460,1,1,N/A,1.2043559559385484,0,['To Let']
3609244,2300,1,1,N/A,1.5819224180659954,0,['To Let']
3415277,1850,2,1,N/A,1.1135885178793756,0,['To Let']
3601063,1650,1,1,N/A,2.8652573251767457,0,['To Let']
3610685,1650,1,0,N/A,1.019150870740942,0,['To Let']
3563767,2795,2,2,N/A,1.1272777025297591,9,['To Let']
3637869,2500,2,2,N/A,0.9289631804283472,9,['To Let']
3596957,3000,1,1,N/A,9.43734177730531,8,['To Let']
3610948,1640,1,1,N/A,5.715657649997247,0,['To Let']
3611693,1870,2,1,N/A,5.715657649997247,0,['To Let']
3610941,2100,2,1,N/A,3.814329105054499,7,['To Let']
3623537,2250,3,3,N/A,13.076188358548782,0,['To Let']
3616631,2100,2,1,N/A,1.2288653358481902,9,['To Let']
3637764,1600,1,1,N/A,9.780708984029667,0,['To Let']
3540890,1600,1,1,N/A,2.126726523666783,0,['To Let']
3637594,1750,1,1,N/A,11.635167154003318,7,['To Let']
3637591,1000,1,0,N/A,5.6372046346388345,4,['To Let']
3637480,1450,1,1,N/A,4.121039734120204,5,['To Let']
3623766,2000,3,1,N/A,6.907672828913666,9,['To Let']
3636941,1800,1,1,N/A,0.9203610909437182,8,['To Let']
3471238,7500,7,6,N/A,12.744541489588885,4,['To Let']
3635591,1250,1,1,N/A,29.959010530136126,10,['To Let']
3582192,2500,3,2,N/A,10.721491347274444,5,['To Let']
3629114,1400,1,1,N/A,6.060496326684457,0,['To Let']
3628995,3700,2,1,N/A,1.6344032096388992,5,['To Let']
3600951,1950,2,1,N/A,4.61417504742411,9,['To Let']
3611865,3200,2,2,N/A,2.425867280322938,7,['To Let']
3534030,2200,3,2,N/A,30.014789178817086,6,['To Let']
3625483,3950,3,3,N/A,10.525414291176743,13,['To Let']
3586264,2000,2,1,N/A,6.23658137014947,7,['To Let']
3618571,1950,2,2,N/A,10.45758137730364,10,['To Let']
3600450,2250,3,1,N/A,6.5412298573022545,4,['To Let']
3605586,1100,1,1,N/A,20.877759648594264,0,['To Let']
3590115,1200,1,0,N/A,10.679122620497708,11,['To Let']
3620939,3000,1,1,N/A,1.1840253833151675,0,['To Let']
3623531,3000,4,3,N/A,5.420483477376055,13,['To Let']
3596538,1900,3,3,N/A,10.020550005473897,7,['To Let']
3612839,1900,2,2,N/A,5.846021260031039,4,['To Let']
3618939,2250,2,1,N/A,4.344909789406249,2,['To Let']
3613582,950,1,0,N/A,6.715517899263838,13,['To Let']
3610963,1875,1,1,N/A,1.341577654603208,0,['To Let']
3597069,1850,2,2,N/A,10.486228819480779,10,['To Let']
3604604,2300,2,1,N/A,0.979493616828351,6,['To Let']
